{
    "faultInfos": [
        {
            "canDLC": -1,
            "canFrameFormat": -1,
            "canType": -1,
            "crcList": [
                {
                    "algorithm": 10,
                    "data_end_byte": 0,
                    "data_start_byte": 6,
                    "final_xor_value": 255,
                    "initial_value": 255,
                    "input_reflected": false,
                    "message_id": 0,
                    "output_reflected": false,
                    "polynomial": 29,
                    "signal_is_big_endian": false,
                    "signal_start_bit": 56,
                    "width_bits": 8
                }
            ],
            "faultId": "1",
            "faultName": "Test_Fault_1",
            "filePath": "",
            "newCanId": -1,
            "signalList": [
                {
                    "factor": 1,
                    "isBigEndian": false,
                    "isSigned": false,
                    "name": "test_signal_1",
                    "offset": 0,
                    "size": 8,
                    "startBit": 0
                }
            ]
        }
    ],
    "filterIds": [
    ],
    "logView": {
        "in": {
            "fileEncoding": "",
            "filePath": "",
            "useFile": false
        },
        "out": {
            "fileEncoding": "",
            "filePath": "",
            "useFile": false
        }
    }
}
