{
    "customFileMap": {
        "dbc_import_default_directory": "D:/source/file_manager/doc/dbc&arxml",
        "vci_dbc_view": "D:/source/file_manager/doc/dbc&arxml/PSI5_4X4CanDbcV01.dbc"
    },
    "dbcFiles": [
        {
            "encoding": "UTF-8",
            "filePath": "D:/source/file_manager/doc/dbc&arxml/PSI5_4X4CanDbcV01.dbc"
        },
        {
            "encoding": "GB2312",
            "filePath": "D:/source/file_manager/doc/dbc&arxml/cur_vol_v2.dbc"
        }
    ],
    "version": "2.0"
}
