{
    "fileVersion": "1.0",
    "formatName": "NWSwitch Config File",
    "saveTime": "2025-09-12T17:30:39",
    "testBenchCount": 1,
    "testBenches": [
        {
            "switchConfig": {
                "duts": [
                    {
                        "eth": {
                        },
                        "isEnableRoute": false,
                        "product": {
                        },
                        "route": [
                        ],
                        "veth": {
                        }
                    },
                    {
                        "eth": {
                        },
                        "isEnableRoute": false,
                        "product": {
                        },
                        "route": [
                        ],
                        "veth": {
                        }
                    },
                    {
                        "eth": {
                        },
                        "isEnableRoute": false,
                        "product": {
                        },
                        "route": [
                        ],
                        "veth": {
                        }
                    },
                    {
                        "eth": {
                        },
                        "isEnableRoute": false,
                        "product": {
                        },
                        "route": [
                        ],
                        "veth": {
                        }
                    },
                    {
                        "eth": {
                        },
                        "isEnableRoute": false,
                        "product": {
                        },
                        "route": [
                        ],
                        "veth": {
                        }
                    },
                    {
                        "eth": {
                        },
                        "isEnableRoute": false,
                        "product": {
                        },
                        "route": [
                        ],
                        "veth": {
                        }
                    }
                ],
                "ip": "192.168.1.126",
                "pc": {
                }
            },
            "tabIndex": 0,
            "tabName": "测试台1"
        }
    ]
}
