{
    "fileVersion": "1.0",
    "formatName": "NWSwitch Config File",
    "saveTime": "2025-10-14T14:04:39",
    "testBenchCount": 2,
    "testBenches": [
        {
            "switchConfig": {
                "duts": [
                    {
                        "eth": {
                            "169.254.1.12": {
                                "ipPort": 0,
                                "subnetSize": 16,
                                "vlanID": 0
                            },
                            "192.168.201.12": {
                                "ipPort": 0,
                                "subnetSize": 24,
                                "vlanID": 0
                            }
                        },
                        "ethMAC": "aa:bb:cc:dd:ee:ff",
                        "isEnableRoute": true,
                        "product": {
                            "169.254.1.0": {
                                "ipPort": 0,
                                "subnetSize": 16,
                                "vlanID": 0
                            },
                            "192.168.201.130": {
                                "ipPort": 0,
                                "subnetSize": 24,
                                "vlanID": 0
                            }
                        },
                        "route": [
                            {
                                "ethIP": "192.168.201.12",
                                "pcIP": "192.168.1.87",
                                "productIP": "192.168.201.130",
                                "vethIP": "192.168.1.11"
                            }
                        ],
                        "staticArp": {
                            "192.168.201.188": "c8:5b:76:c6:2b:5f"
                        },
                        "veth": {
                            "192.168.1.11": {
                                "ipPort": 0,
                                "subnetSize": 24,
                                "vlanID": 0
                            }
                        }
                    },
                    {
                        "eth": {
                            "169.254.1.22": {
                                "ipPort": 0,
                                "subnetSize": 16,
                                "vlanID": 0
                            }
                        },
                        "isEnableRoute": false,
                        "product": {
                        },
                        "route": [
                        ],
                        "veth": {
                        }
                    },
                    {
                        "eth": {
                        },
                        "isEnableRoute": false,
                        "product": {
                        },
                        "route": [
                        ],
                        "veth": {
                        }
                    },
                    {
                        "eth": {
                        },
                        "isEnableRoute": false,
                        "product": {
                        },
                        "route": [
                        ],
                        "veth": {
                        }
                    },
                    {
                        "eth": {
                        },
                        "isEnableRoute": false,
                        "product": {
                        },
                        "route": [
                        ],
                        "veth": {
                        }
                    },
                    {
                        "eth": {
                        },
                        "isEnableRoute": false,
                        "product": {
                        },
                        "route": [
                        ],
                        "veth": {
                        }
                    }
                ],
                "ip": "192.168.1.120",
                "pc": {
                    "192.168.1.87": {
                        "ipPort": 0,
                        "subnetSize": 24,
                        "vlanID": 0
                    }
                }
            },
            "tabIndex": 0,
            "tabName": "测试台1"
        },
        {
            "switchConfig": {
                "duts": [
                    {
                        "eth": {
                            "192.168.20.11": {
                                "ipPort": 0,
                                "subnetSize": 24,
                                "vlanID": 0
                            },
                            "192.168.201.12": {
                                "ipPort": 0,
                                "subnetSize": 24,
                                "vlanID": 0
                            }
                        },
                        "isEnableRoute": true,
                        "product": {
                            "192.168.201.131": {
                                "ipPort": 0,
                                "subnetSize": 24,
                                "vlanID": 0
                            }
                        },
                        "route": [
                            {
                                "ethIP": "192.168.201.12",
                                "pcIP": "192.168.1.50",
                                "productIP": "192.168.201.131",
                                "vethIP": "192.168.1.11"
                            }
                        ],
                        "veth": {
                            "192.168.1.11": {
                                "ipPort": 0,
                                "subnetSize": 24,
                                "vlanID": 0
                            }
                        }
                    },
                    {
                        "eth": {
                            "192.168.20.12": {
                                "ipPort": 24679,
                                "subnetSize": 24,
                                "vlanID": 0
                            }
                        },
                        "isEnableRoute": false,
                        "product": {
                        },
                        "route": [
                        ],
                        "veth": {
                        }
                    },
                    {
                        "eth": {
                            "192.168.20.11": {
                                "ipPort": 24679,
                                "subnetSize": 24,
                                "vlanID": 0
                            }
                        },
                        "isEnableRoute": false,
                        "product": {
                        },
                        "route": [
                        ],
                        "veth": {
                        }
                    },
                    {
                        "eth": {
                            "192.168.20.12": {
                                "ipPort": 24679,
                                "subnetSize": 24,
                                "vlanID": 0
                            }
                        },
                        "isEnableRoute": false,
                        "product": {
                        },
                        "route": [
                        ],
                        "veth": {
                        }
                    },
                    {
                        "eth": {
                            "192.168.20.11": {
                                "ipPort": 24679,
                                "subnetSize": 24,
                                "vlanID": 0
                            }
                        },
                        "isEnableRoute": false,
                        "product": {
                        },
                        "route": [
                        ],
                        "veth": {
                        }
                    },
                    {
                        "eth": {
                            "192.168.20.12": {
                                "ipPort": 24679,
                                "subnetSize": 24,
                                "vlanID": 0
                            }
                        },
                        "isEnableRoute": false,
                        "product": {
                        },
                        "route": [
                        ],
                        "veth": {
                        }
                    }
                ],
                "ip": "192.168.1.120",
                "pc": {
                    "192.168.1.50": {
                        "ipPort": 0,
                        "subnetSize": 24,
                        "vlanID": 0
                    }
                }
            },
            "tabIndex": 1,
            "tabName": "测试台2"
        }
    ]
}
