{
    "currentDeviceIndex": 2,
    "devices": [
        {
            "canChannels": [
                {
                    "baudRate": "500000",
                    "fdBaudRate": "2000000",
                    "terminalResistorEnabled": true,
                    "type": "CANFD"
                },
                {
                    "baudRate": "500000",
                    "fdBaudRate": "2000000",
                    "terminalResistorEnabled": true,
                    "type": "CANFD"
                }
            ],
            "deviceIndex": 1,
            "linChannels": [
                {
                    "baudRate": "19200",
                    "ldfFile": "",
                    "type": "Master"
                },
                {
                    "baudRate": "19200",
                    "ldfFile": "",
                    "type": "Slave"
                }
            ],
            "localIP": ""
        },
        {
            "canChannels": [
                {
                    "baudRate": "500000",
                    "fdBaudRate": "2000000",
                    "terminalResistorEnabled": true,
                    "type": "CANFD"
                },
                {
                    "baudRate": "500000",
                    "fdBaudRate": "2000000",
                    "terminalResistorEnabled": true,
                    "type": "CANFD"
                }
            ],
            "deviceIndex": 2,
            "linChannels": [
                {
                    "baudRate": "19200",
                    "ldfFile": "",
                    "type": "Master"
                },
                {
                    "baudRate": "19200",
                    "ldfFile": "",
                    "type": "Slave"
                }
            ],
            "localIP": ""
        }
    ]
}
