{
    "dbcFile": "D:/source/FKSoft/FKMaster_x64/doc/PowerTrain.dbc",
    "rows": [
        {
            "canCheckType": 0,
            "channel": 0,
            "checked": false,
            "data": "00 00 00 00 00 00 00 00",
            "delay": 10,
            "frameFormat": 0,
            "frameType": 0,
            "id": "200",
            "length": 8,
            "messageName": "Diag_Request",
            "period": 1000
        },
        {
            "canCheckType": 0,
            "channel": 0,
            "checked": false,
            "data": "00 00 00 00 00 00 00 00",
            "delay": 10,
            "frameFormat": 0,
            "frameType": 0,
            "id": "400",
            "length": 8,
            "messageName": "Diag_Response",
            "period": 1000
        },
        {
            "canCheckType": 0,
            "channel": 0,
            "checked": false,
            "data": "00 00",
            "delay": 10,
            "frameFormat": 0,
            "frameType": 0,
            "id": "67",
            "length": 2,
            "messageName": "Ignition_Info",
            "period": 20
        },
        {
            "canCheckType": 0,
            "channel": 0,
            "checked": false,
            "data": "00 00 00 00 00 00 00 00",
            "delay": 10,
            "frameFormat": 0,
            "frameType": 0,
            "id": "608",
            "length": 8,
            "messageName": "DiagResponse_Motor",
            "period": 1000
        },
        {
            "canCheckType": 0,
            "channel": 0,
            "checked": false,
            "data": "00 00 00 00 00 00 00 00",
            "delay": 10,
            "frameFormat": 0,
            "frameType": 0,
            "id": "601",
            "length": 8,
            "messageName": "DiagRequest_Motor",
            "period": 1000
        },
        {
            "canCheckType": 0,
            "channel": 0,
            "checked": false,
            "data": "00 00 00 00",
            "delay": 10,
            "frameFormat": 0,
            "frameType": 0,
            "id": "51b",
            "length": 4,
            "messageName": "NM_Engine",
            "period": 1000
        },
        {
            "canCheckType": 0,
            "channel": 0,
            "checked": false,
            "data": "00",
            "delay": 10,
            "frameFormat": 0,
            "frameType": 0,
            "id": "3fc",
            "length": 1,
            "messageName": "GearBoxInfo",
            "period": 50
        },
        {
            "canCheckType": 0,
            "channel": 0,
            "checked": false,
            "data": "00 00 00 00",
            "delay": 10,
            "frameFormat": 0,
            "frameType": 0,
            "id": "51a",
            "length": 4,
            "messageName": "NM_Gateway_PowerTrain",
            "period": 1000
        },
        {
            "canCheckType": 0,
            "channel": 0,
            "checked": false,
            "data": "00",
            "delay": 10,
            "frameFormat": 0,
            "frameType": 0,
            "id": "65",
            "length": 1,
            "messageName": "EngineStatus",
            "period": 1000
        },
        {
            "canCheckType": 0,
            "channel": 0,
            "checked": false,
            "data": "00 00 00 00 00 00 00 00",
            "delay": 10,
            "frameFormat": 0,
            "frameType": 0,
            "id": "66",
            "length": 8,
            "messageName": "EngineDataIEEE",
            "period": 50
        },
        {
            "canCheckType": 0,
            "channel": 0,
            "checked": false,
            "data": "00 00 00 00 00 00 00 00",
            "delay": 10,
            "frameFormat": 0,
            "frameType": 0,
            "id": "64",
            "length": 8,
            "messageName": "EngineData",
            "period": 50
        },
        {
            "canCheckType": 0,
            "channel": 0,
            "checked": false,
            "data": "00 00 00 00 00 00",
            "delay": 10,
            "frameFormat": 0,
            "frameType": 0,
            "id": "c9",
            "length": 6,
            "messageName": "ABSdata",
            "period": 50
        }
    ],
    "sendTimes": 1
}
