{
    "dbcFile": "D:/source/file_manager/doc/dbc&arxml/HybridACAN.dbc",
    "rows": [
        {
            "canCheckType": 2,
            "channel": 0,
            "checked": true,
            "data": "12 80 02 50 00 00 00 00",
            "delay": 10,
            "frameFormat": 0,
            "frameType": 0,
            "id": "10f",
            "length": 8,
            "messageName": "GW_10F",
            "period": 10
        },
        {
            "canCheckType": 2,
            "channel": 0,
            "checked": true,
            "data": "00 00 00 00 00 00 00 00",
            "delay": 10,
            "frameFormat": 0,
            "frameType": 0,
            "id": "180",
            "length": 8,
            "messageName": "GW_180",
            "period": 10
        },
        {
            "canCheckType": 2,
            "channel": 0,
            "checked": true,
            "data": "00 00 00 00 00 00 00 00 00 00 00 00 00 00 00 00 00 00 00 00 00 00 00 00 00 00 00 00 00 00 00 00 00 00 00 20 00 00 00 00 00 00 00 00 00 00 00 00 00 00 00 00 00 00 00 00 00 00 00 00 00 00 00 00",
            "delay": 10,
            "frameFormat": 0,
            "frameType": 0,
            "id": "20b",
            "length": 64,
            "messageName": "GW_20B",
            "period": 20
        },
        {
            "canCheckType": 2,
            "channel": 0,
            "checked": true,
            "data": "00 00 00 00 00 00 00 00 00 64 00 00 00 00 00 00 00 00 00 00 00 00 00 00 00 00 00 00 00 00 00 00",
            "delay": 10,
            "frameFormat": 0,
            "frameType": 0,
            "id": "247",
            "length": 32,
            "messageName": "GW_247",
            "period": 20
        },
        {
            "canCheckType": 2,
            "channel": 0,
            "checked": true,
            "data": "00 00 00 00 00 18 00 00",
            "delay": 10,
            "frameFormat": 0,
            "frameType": 0,
            "id": "298",
            "length": 8,
            "messageName": "GW_298",
            "period": 40
        },
        {
            "canCheckType": 2,
            "channel": 1,
            "checked": true,
            "data": "00 00 00 00 00 00 00 00",
            "delay": 10,
            "frameFormat": 0,
            "frameType": 0,
            "id": "2de",
            "length": 8,
            "messageName": "GW_2DE",
            "period": 50
        }
    ],
    "sendTimes": 1
}
