{
    "dbcFile": "D:/source/file_manager/doc/dbc&arxml/cur_vol_v2.dbc",
    "rows": [
        {
            "canCheckType": 0,
            "channel": 0,
            "checked": false,
            "data": "00 00 00 00 00 00 00 00",
            "delay": 10,
            "frameFormat": 0,
            "frameType": 0,
            "id": "6ff",
            "length": 8,
            "messageName": "sensor_data_message1",
            "period": 1000
        },
        {
            "canCheckType": 0,
            "channel": 0,
            "checked": false,
            "data": "9A 99 99 41",
            "delay": 10,
            "frameFormat": 0,
            "frameType": 0,
            "id": "700",
            "length": 4,
            "messageName": "sensor_data_message2",
            "period": 1000
        }
    ],
    "sendTimes": 1
}
