{
    "rows": [
        {
            "canCheckType": 0,
            "channel": 0,
            "checked": false,
            "data": "01 02 03 04 05 06 07 08",
            "delay": 0,
            "frameFormat": -1,
            "frameType": 2,
            "id": "1",
            "length": 4,
            "period": 1000
        },
        {
            "canCheckType": 0,
            "channel": 0,
            "checked": false,
            "data": "01 02 03 04 05 06 07 08",
            "delay": 0,
            "frameFormat": -1,
            "frameType": 0,
            "id": "3",
            "length": 8,
            "period": 1000
        },
        {
            "canCheckType": 0,
            "channel": 0,
            "checked": false,
            "data": "12 34",
            "delay": 0,
            "frameFormat": -1,
            "frameType": 1,
            "id": "3",
            "length": 2,
            "period": 1000
        },
        {
            "canCheckType": 0,
            "channel": 0,
            "checked": false,
            "data": "01 02 03 04 05 06 07 08",
            "delay": 0,
            "frameFormat": -1,
            "frameType": 0,
            "id": "4",
            "length": 8,
            "period": 1000
        },
        {
            "canCheckType": 0,
            "channel": 1,
            "checked": false,
            "data": "01 02 03 04",
            "delay": 0,
            "frameFormat": -1,
            "frameType": 0,
            "id": "b",
            "length": 4,
            "period": 0
        },
        {
            "canCheckType": 0,
            "channel": 0,
            "checked": false,
            "data": "01 02 03 94",
            "delay": 0,
            "frameFormat": -1,
            "frameType": 1,
            "id": "6",
            "length": 4,
            "period": 0
        },
        {
            "canCheckType": 0,
            "channel": 1,
            "checked": false,
            "data": "01 02 03 04 05 06 07 08",
            "delay": 0,
            "frameFormat": -1,
            "frameType": 0,
            "id": "8",
            "length": 8,
            "period": 0
        },
        {
            "canCheckType": 0,
            "channel": 0,
            "checked": false,
            "data": "01 02 03 04 05 06 07 08",
            "delay": 0,
            "frameFormat": -1,
            "frameType": 1,
            "id": "8",
            "length": 4,
            "period": 0
        },
        {
            "canCheckType": 0,
            "channel": 0,
            "checked": false,
            "data": "01 02 03 04 05 06 07 08",
            "delay": 0,
            "frameFormat": -1,
            "frameType": 2,
            "id": "10",
            "length": 4,
            "period": 0
        },
        {
            "canCheckType": 0,
            "channel": 1,
            "checked": false,
            "data": "01 02 03 04 05 06 07 08",
            "delay": 0,
            "frameFormat": -1,
            "frameType": 1,
            "id": "10",
            "length": 8,
            "period": 0
        },
        {
            "canCheckType": 0,
            "channel": 0,
            "checked": false,
            "data": "01 02 03 04 05 06 07 08",
            "delay": 0,
            "frameFormat": -1,
            "frameType": 0,
            "id": "b",
            "length": 8,
            "period": 1000
        },
        {
            "canCheckType": 0,
            "channel": 0,
            "checked": false,
            "data": "01 02 03 04 05 06 07 08",
            "delay": 50,
            "frameFormat": -1,
            "frameType": 0,
            "id": "c",
            "length": 8,
            "period": 1000
        },
        {
            "canCheckType": 0,
            "channel": 1,
            "checked": true,
            "data": "01 02 03 04 05 06 07 08",
            "delay": 50,
            "frameFormat": -1,
            "frameType": 1,
            "id": "21",
            "length": 8,
            "period": 1000
        },
        {
            "canCheckType": 0,
            "channel": 0,
            "checked": false,
            "data": "01 02 03 04 05 06 07 08",
            "delay": 50,
            "frameFormat": -1,
            "frameType": 1,
            "id": "21",
            "length": 8,
            "period": 1000
        }
    ],
    "sendTimes": 100
}
