{
    "rows": [
        {
            "canCheckType": 0,
            "channel": 0,
            "checked": true,
            "data": "00 00 03 00 00 80 02 00",
            "delay": 10,
            "frameFormat": -1,
            "frameType": 1,
            "id": "2e",
            "length": 8,
            "period": 1000
        },
        {
            "canCheckType": 0,
            "channel": 0,
            "checked": true,
            "data": "01 02 03 04 05 06 07 08",
            "delay": 0,
            "frameFormat": -1,
            "frameType": 1,
            "id": "12",
            "length": 8,
            "period": 1000
        },
        {
            "canCheckType": 0,
            "channel": 0,
            "checked": true,
            "data": "12 34",
            "delay": 0,
            "frameFormat": -1,
            "frameType": 1,
            "id": "13",
            "length": 2,
            "period": 1000
        },
        {
            "canCheckType": 0,
            "channel": 0,
            "checked": true,
            "data": "01 02 03 04 05 06 07 08",
            "delay": 0,
            "frameFormat": -1,
            "frameType": 1,
            "id": "14",
            "length": 8,
            "period": 1000
        },
        {
            "canCheckType": 0,
            "channel": 0,
            "checked": true,
            "data": "01 02 03 04",
            "delay": 0,
            "frameFormat": -1,
            "frameType": 1,
            "id": "15",
            "length": 4,
            "period": 0
        },
        {
            "canCheckType": 0,
            "channel": 1,
            "checked": true,
            "data": "01 02 03 94",
            "delay": 0,
            "frameFormat": -1,
            "frameType": 1,
            "id": "11",
            "length": 8,
            "period": 0
        },
        {
            "canCheckType": 0,
            "channel": 1,
            "checked": true,
            "data": "01 02 03 04 05 06 07 08",
            "delay": 0,
            "frameFormat": -1,
            "frameType": 1,
            "id": "12",
            "length": 8,
            "period": 0
        },
        {
            "canCheckType": 0,
            "channel": 1,
            "checked": true,
            "data": "01 02 03 04 05 06 07 08",
            "delay": 0,
            "frameFormat": -1,
            "frameType": 1,
            "id": "13",
            "length": 8,
            "period": 0
        },
        {
            "canCheckType": 0,
            "channel": 1,
            "checked": true,
            "data": "01 02 03 04 05 06 07 08",
            "delay": 0,
            "frameFormat": -1,
            "frameType": 1,
            "id": "14",
            "length": 8,
            "period": 0
        },
        {
            "canCheckType": 0,
            "channel": 1,
            "checked": true,
            "data": "01 02 03 04 05 06 07 08",
            "delay": 0,
            "frameFormat": -1,
            "frameType": 1,
            "id": "15",
            "length": 8,
            "period": 0
        },
        {
            "canCheckType": 0,
            "channel": 0,
            "checked": true,
            "data": "01 02 03 04 05 06 07 08",
            "delay": 0,
            "frameFormat": -1,
            "frameType": 0,
            "id": "b",
            "length": 8,
            "period": 1000
        },
        {
            "canCheckType": 0,
            "channel": 0,
            "checked": true,
            "data": "01 02 03 04 05 06 07 08",
            "delay": 50,
            "frameFormat": -1,
            "frameType": 0,
            "id": "c",
            "length": 8,
            "period": 1000
        },
        {
            "canCheckType": 0,
            "channel": 1,
            "checked": true,
            "data": "01 02 03 04 05 06 07 08",
            "delay": 50,
            "frameFormat": -1,
            "frameType": 1,
            "id": "21",
            "length": 8,
            "period": 1000
        },
        {
            "canCheckType": 0,
            "channel": 0,
            "checked": true,
            "data": "01 02 03 04 05 06 07 08",
            "delay": 50,
            "frameFormat": -1,
            "frameType": 1,
            "id": "21",
            "length": 8,
            "period": 1000
        }
    ],
    "sendTimes": 1
}
