{
    "connection": {
        "canType": 0,
        "reqId": "0X630",
        "resId": "0X730"
    },
    "pduDefinitionsFile": "config/vci/uds_pdu_definitions.json",
    "requestManagerData": "[]",
    "securitySettings": {
        "algoType": -1,
        "canoeVariant": "",
        "customKeyOrder": 0,
        "customSeedOrder": 0,
        "dllPath": "",
        "funcName": ""
    },
    "udsSettings": {
        "blockSize": "0X00",
        "funcId": "0X7DF",
        "funcResMax": "0X7FF",
        "funcResMin": "0X700",
        "maxNrc78": 5,
        "nArTimeout": 5000,
        "nAsTimeout": 1000,
        "nBsTimeout": 1000,
        "nCrTimeout": 1000,
        "paddingByte": "0XAA",
        "paddingSize": 0,
        "stMin": "0X00",
        "testerPresentId": "0X0",
        "testerPresentInterval": 2000,
        "testerPresentSubFunc": "0X80"
    },
    "uiSettings": {
        "filter3ELog": true,
        "functionalTimeoutMs": 3000,
        "maxLogRows": 10000
    }
}
