{
    "dbcEncoding": "UTF-8",
    "dbcFile": "D:/source/FKMaster/doc/FkSwitch/Powertrain.dbc",
    "deviceIndex": 0,
    "rows": [
        {
            "canCheckType": 0,
            "channel": 0,
            "checked": true,
            "data": "00 00 00 00 00 00 00 00",
            "frameFormat": 1,
            "frameType": 0,
            "id": "18cefefe",
            "interval": 10,
            "length": 8,
            "messageName": "KWP3",
            "period": 1000
        },
        {
            "canCheckType": 0,
            "channel": 1,
            "checked": true,
            "data": "00 00 00 00 00 00 00 00",
            "frameFormat": 1,
            "frameType": 0,
            "id": "c01fefe",
            "interval": 10,
            "length": 8,
            "messageName": "TC1",
            "period": 1000
        },
        {
            "canCheckType": 0,
            "channel": 0,
            "checked": true,
            "data": "00 00 00 00 00 00 00 00",
            "frameFormat": 1,
            "frameType": 0,
            "id": "18e3fefe",
            "interval": 10,
            "length": 8,
            "messageName": "DM7",
            "period": 1000
        },
        {
            "canCheckType": 0,
            "channel": 1,
            "checked": true,
            "data": "00 00 00 00 00 00 00 00",
            "frameFormat": 1,
            "frameType": 0,
            "id": "18fee6ee",
            "interval": 10,
            "length": 8,
            "messageName": "TD_TCO",
            "period": 1000
        },
        {
            "canCheckType": 1,
            "channel": 0,
            "checked": true,
            "data": "00 00 00 00 00 00 00 00 00 00 00 00 00 00 00 00 00 00 00",
            "frameFormat": 1,
            "frameType": 0,
            "id": "18fee1fe",
            "interval": 10,
            "length": 19,
            "messageName": "RC_RD",
            "period": 1000
        },
        {
            "canCheckType": 0,
            "channel": 0,
            "checked": true,
            "data": "00 00 00 00 00 00 00 00",
            "frameFormat": 1,
            "frameType": 0,
            "id": "18fee2fe",
            "interval": 10,
            "length": 8,
            "messageName": "TCFG_TECU",
            "period": 1000
        }
    ],
    "sendTimes": 1
}
