{
    "devices": [
        {
            "channels": {
                "0": {
                    "fileEncoding": "UTF-8",
                    "filePath": "D:/source/file_manager/doc/ldf/WM APE-5_LDF_LIN12_V09_20210930.ldf"
                },
                "1": {
                    "fileEncoding": "UTF-8",
                    "filePath": "D:/source/file_manager/doc/ldf/WM APE-5_LDF_LIN12_V09_20210930.ldf"
                }
            },
            "deviceIndex": 0
        },
        {
            "channels": {
                "0": {
                    "fileEncoding": "UTF-8",
                    "filePath": "D:/source/file_manager/doc/ldf/WM APE-5_LDF_LIN12_V09_20210930.ldf"
                },
                "1": {
                    "fileEncoding": "UTF-8",
                    "filePath": "D:/source/file_manager/doc/ldf/WM APE-5_LDF_LIN12_V09_20210930.ldf"
                }
            },
            "deviceIndex": 1
        }
    ]
}
