{
    "channels": [
        {
            "analog_config": {
                "pulse_compare_vol_mv": 5000,
                "quiescent_current": 100,
                "sink_current": 150
            },
            "config": {
                "chanl_buads": 0,
                "chanl_en": 1,
                "chanl_mode": 1,
                "chanl_time_par": 1000
            },
            "slot_list": [
                {
                    "config": {
                        "check_type": 1,
                        "data_len": 8,
                        "init_cycles": 0,
                        "init_id_nums": 2,
                        "message_len": 24,
                        "output_delay_by_sync": 5,
                        "slot_enable": 0,
                        "slot_index": 0
                    },
                    "data": {
                        "sensor_data": 0
                    },
                    "init_datas": [
                        {
                            "init_data": 1,
                            "init_index": 0
                        },
                        {
                            "init_data": 1,
                            "init_index": 0
                        }
                    ],
                    "status": {
                        "status_mask": 0,
                        "status_val": 0
                    }
                },
                {
                    "config": {
                        "check_type": 0,
                        "data_len": 8,
                        "init_cycles": 0,
                        "init_id_nums": 2,
                        "message_len": 24,
                        "output_delay_by_sync": 5,
                        "slot_enable": 0,
                        "slot_index": 1
                    },
                    "data": {
                        "sensor_data": 0
                    },
                    "init_datas": [
                        {
                            "init_data": 0,
                            "init_index": 0
                        },
                        {
                            "init_data": 0,
                            "init_index": 0
                        }
                    ],
                    "status": {
                        "status_mask": 0,
                        "status_val": 0
                    }
                },
                {
                    "config": {
                        "check_type": 0,
                        "data_len": 8,
                        "init_cycles": 0,
                        "init_id_nums": 0,
                        "message_len": 24,
                        "output_delay_by_sync": 5,
                        "slot_enable": 0,
                        "slot_index": 2
                    },
                    "data": {
                        "sensor_data": 0
                    },
                    "init_datas": [
                    ],
                    "status": {
                        "status_mask": 0,
                        "status_val": 0
                    }
                },
                {
                    "config": {
                        "check_type": 0,
                        "data_len": 8,
                        "init_cycles": 0,
                        "init_id_nums": 0,
                        "message_len": 24,
                        "output_delay_by_sync": 5,
                        "slot_enable": 0,
                        "slot_index": 3
                    },
                    "data": {
                        "sensor_data": 0
                    },
                    "init_datas": [
                    ],
                    "status": {
                        "status_mask": 0,
                        "status_val": 0
                    }
                }
            ]
        },
        {
            "analog_config": {
                "pulse_compare_vol_mv": 5000,
                "quiescent_current": 100,
                "sink_current": 150
            },
            "config": {
                "chanl_buads": 0,
                "chanl_en": 0,
                "chanl_mode": 0,
                "chanl_time_par": 1000
            },
            "slot_list": [
                {
                    "config": {
                        "check_type": 0,
                        "data_len": 8,
                        "init_cycles": 0,
                        "init_id_nums": 0,
                        "message_len": 24,
                        "output_delay_by_sync": 5,
                        "slot_enable": 0,
                        "slot_index": 0
                    },
                    "data": {
                        "sensor_data": 0
                    },
                    "init_datas": [
                    ],
                    "status": {
                        "status_mask": 0,
                        "status_val": 0
                    }
                },
                {
                    "config": {
                        "check_type": 0,
                        "data_len": 8,
                        "init_cycles": 0,
                        "init_id_nums": 0,
                        "message_len": 24,
                        "output_delay_by_sync": 5,
                        "slot_enable": 0,
                        "slot_index": 1
                    },
                    "data": {
                        "sensor_data": 0
                    },
                    "init_datas": [
                    ],
                    "status": {
                        "status_mask": 0,
                        "status_val": 0
                    }
                },
                {
                    "config": {
                        "check_type": 0,
                        "data_len": 8,
                        "init_cycles": 0,
                        "init_id_nums": 0,
                        "message_len": 24,
                        "output_delay_by_sync": 5,
                        "slot_enable": 0,
                        "slot_index": 2
                    },
                    "data": {
                        "sensor_data": 0
                    },
                    "init_datas": [
                    ],
                    "status": {
                        "status_mask": 0,
                        "status_val": 0
                    }
                },
                {
                    "config": {
                        "check_type": 0,
                        "data_len": 8,
                        "init_cycles": 0,
                        "init_id_nums": 0,
                        "message_len": 24,
                        "output_delay_by_sync": 5,
                        "slot_enable": 0,
                        "slot_index": 3
                    },
                    "data": {
                        "sensor_data": 0
                    },
                    "init_datas": [
                    ],
                    "status": {
                        "status_mask": 0,
                        "status_val": 0
                    }
                }
            ]
        },
        {
            "analog_config": {
                "pulse_compare_vol_mv": 5000,
                "quiescent_current": 100,
                "sink_current": 150
            },
            "config": {
                "chanl_buads": 0,
                "chanl_en": 0,
                "chanl_mode": 0,
                "chanl_time_par": 1000
            },
            "slot_list": [
                {
                    "config": {
                        "check_type": 0,
                        "data_len": 8,
                        "init_cycles": 0,
                        "init_id_nums": 0,
                        "message_len": 24,
                        "output_delay_by_sync": 5,
                        "slot_enable": 0,
                        "slot_index": 0
                    },
                    "data": {
                        "sensor_data": 0
                    },
                    "init_datas": [
                    ],
                    "status": {
                        "status_mask": 0,
                        "status_val": 0
                    }
                },
                {
                    "config": {
                        "check_type": 0,
                        "data_len": 8,
                        "init_cycles": 0,
                        "init_id_nums": 0,
                        "message_len": 24,
                        "output_delay_by_sync": 5,
                        "slot_enable": 0,
                        "slot_index": 1
                    },
                    "data": {
                        "sensor_data": 0
                    },
                    "init_datas": [
                    ],
                    "status": {
                        "status_mask": 0,
                        "status_val": 0
                    }
                },
                {
                    "config": {
                        "check_type": 0,
                        "data_len": 8,
                        "init_cycles": 0,
                        "init_id_nums": 0,
                        "message_len": 24,
                        "output_delay_by_sync": 5,
                        "slot_enable": 0,
                        "slot_index": 2
                    },
                    "data": {
                        "sensor_data": 0
                    },
                    "init_datas": [
                    ],
                    "status": {
                        "status_mask": 0,
                        "status_val": 0
                    }
                },
                {
                    "config": {
                        "check_type": 0,
                        "data_len": 8,
                        "init_cycles": 0,
                        "init_id_nums": 0,
                        "message_len": 24,
                        "output_delay_by_sync": 5,
                        "slot_enable": 0,
                        "slot_index": 3
                    },
                    "data": {
                        "sensor_data": 0
                    },
                    "init_datas": [
                    ],
                    "status": {
                        "status_mask": 0,
                        "status_val": 0
                    }
                }
            ]
        },
        {
            "analog_config": {
                "pulse_compare_vol_mv": 5000,
                "quiescent_current": 100,
                "sink_current": 150
            },
            "config": {
                "chanl_buads": 0,
                "chanl_en": 0,
                "chanl_mode": 0,
                "chanl_time_par": 1000
            },
            "slot_list": [
                {
                    "config": {
                        "check_type": 0,
                        "data_len": 8,
                        "init_cycles": 0,
                        "init_id_nums": 0,
                        "message_len": 24,
                        "output_delay_by_sync": 5,
                        "slot_enable": 0,
                        "slot_index": 0
                    },
                    "data": {
                        "sensor_data": 0
                    },
                    "init_datas": [
                    ],
                    "status": {
                        "status_mask": 0,
                        "status_val": 0
                    }
                },
                {
                    "config": {
                        "check_type": 0,
                        "data_len": 8,
                        "init_cycles": 0,
                        "init_id_nums": 0,
                        "message_len": 24,
                        "output_delay_by_sync": 5,
                        "slot_enable": 0,
                        "slot_index": 1
                    },
                    "data": {
                        "sensor_data": 0
                    },
                    "init_datas": [
                    ],
                    "status": {
                        "status_mask": 0,
                        "status_val": 0
                    }
                },
                {
                    "config": {
                        "check_type": 0,
                        "data_len": 8,
                        "init_cycles": 0,
                        "init_id_nums": 0,
                        "message_len": 24,
                        "output_delay_by_sync": 5,
                        "slot_enable": 0,
                        "slot_index": 2
                    },
                    "data": {
                        "sensor_data": 0
                    },
                    "init_datas": [
                    ],
                    "status": {
                        "status_mask": 0,
                        "status_val": 0
                    }
                },
                {
                    "config": {
                        "check_type": 0,
                        "data_len": 8,
                        "init_cycles": 0,
                        "init_id_nums": 0,
                        "message_len": 24,
                        "output_delay_by_sync": 5,
                        "slot_enable": 0,
                        "slot_index": 3
                    },
                    "data": {
                        "sensor_data": 0
                    },
                    "init_datas": [
                    ],
                    "status": {
                        "status_mask": 0,
                        "status_val": 0
                    }
                }
            ]
        }
    ],
    "store_eep": 0
}
