{
    "channels": [
        {
            "config": {
                "chanl_enable": 0,
                "polarity": 0,
                "pulse_tick_num": 5,
                "sent_tick": 30,
                "spc_mode": 2,
                "sync_tick_num": 56,
                "total_sensor_num": 4
            },
            "sensors": [
                {
                    "brige_config": {
                        "brige_crc_type": 0,
                        "change_accept_code": 0,
                        "change_mask_code": 0,
                        "data_a_delay": 0,
                        "data_a_format": 0,
                        "data_a_lowpass": 0,
                        "data_a_max": 65535,
                        "data_a_min": 0,
                        "data_a_multi": 1000,
                        "data_a_offset": 0,
                        "data_a_start_bit": 0,
                        "data_a_start_byte": 0,
                        "data_a_stop_bit": 0,
                        "data_a_stop_byte": 0,
                        "data_b_delay": 0,
                        "data_b_format": 0,
                        "data_b_lowpass": 0,
                        "data_b_max": 65535,
                        "data_b_min": 0,
                        "data_b_multi": 1000,
                        "data_b_offset": 0,
                        "data_b_start_bit": 0,
                        "data_b_start_byte": 0,
                        "data_b_stop_bit": 0,
                        "data_b_stop_byte": 0,
                        "sensor_index": 0
                    },
                    "config": {
                        "dcc_flag": 0,
                        "fs_msg_num": 1,
                        "msg_time_par": 1000,
                        "nb_num": 6,
                        "rolling_flag": 0,
                        "sensor_index": 0,
                        "sl_msg_num": 0
                    },
                    "fs_data_list": [
                        {
                            "d0": 0,
                            "d1": 0,
                            "d2": 0,
                            "d3": 0,
                            "d4": 0,
                            "d5": 0,
                            "d_crc_type": 0,
                            "d_st": 0,
                            "slot_index": 0
                        }
                    ],
                    "signal_config": {
                        "interval_ms": 100,
                        "params": [
                            100,
                            20,
                            0,
                            2048
                        ],
                        "target_channel": 0,
                        "type": 0
                    },
                    "sl_data_list": [
                        {
                            "slot_index": 0,
                            "slow_data": 0,
                            "slow_id": 0,
                            "slow_id_type": 0
                        }
                    ]
                },
                {
                    "brige_config": {
                        "brige_crc_type": 0,
                        "change_accept_code": 0,
                        "change_mask_code": 0,
                        "data_a_delay": 0,
                        "data_a_format": 0,
                        "data_a_lowpass": 0,
                        "data_a_max": 65535,
                        "data_a_min": 0,
                        "data_a_multi": 1000,
                        "data_a_offset": 0,
                        "data_a_start_bit": 0,
                        "data_a_start_byte": 0,
                        "data_a_stop_bit": 0,
                        "data_a_stop_byte": 0,
                        "data_b_delay": 0,
                        "data_b_format": 0,
                        "data_b_lowpass": 0,
                        "data_b_max": 65535,
                        "data_b_min": 0,
                        "data_b_multi": 1000,
                        "data_b_offset": 0,
                        "data_b_start_bit": 0,
                        "data_b_start_byte": 0,
                        "data_b_stop_bit": 0,
                        "data_b_stop_byte": 0,
                        "sensor_index": 1
                    },
                    "config": {
                        "dcc_flag": 0,
                        "fs_msg_num": 1,
                        "msg_time_par": 1000,
                        "nb_num": 6,
                        "rolling_flag": 0,
                        "sensor_index": 1,
                        "sl_msg_num": 0
                    },
                    "fs_data_list": [
                        {
                            "d0": 0,
                            "d1": 0,
                            "d2": 0,
                            "d3": 0,
                            "d4": 0,
                            "d5": 0,
                            "d_crc_type": 0,
                            "d_st": 0,
                            "slot_index": 0
                        }
                    ],
                    "signal_config": {
                        "interval_ms": 100,
                        "params": [
                            100,
                            20,
                            0,
                            0
                        ],
                        "target_channel": 0,
                        "type": 0
                    },
                    "sl_data_list": [
                        {
                            "slot_index": 0,
                            "slow_data": 0,
                            "slow_id": 0,
                            "slow_id_type": 0
                        }
                    ]
                },
                {
                    "brige_config": {
                        "brige_crc_type": 0,
                        "change_accept_code": 0,
                        "change_mask_code": 0,
                        "data_a_delay": 0,
                        "data_a_format": 0,
                        "data_a_lowpass": 0,
                        "data_a_max": 65535,
                        "data_a_min": 0,
                        "data_a_multi": 1000,
                        "data_a_offset": 0,
                        "data_a_start_bit": 0,
                        "data_a_start_byte": 0,
                        "data_a_stop_bit": 0,
                        "data_a_stop_byte": 0,
                        "data_b_delay": 0,
                        "data_b_format": 0,
                        "data_b_lowpass": 0,
                        "data_b_max": 65535,
                        "data_b_min": 0,
                        "data_b_multi": 1000,
                        "data_b_offset": 0,
                        "data_b_start_bit": 0,
                        "data_b_start_byte": 0,
                        "data_b_stop_bit": 0,
                        "data_b_stop_byte": 0,
                        "sensor_index": 2
                    },
                    "config": {
                        "dcc_flag": 0,
                        "fs_msg_num": 1,
                        "msg_time_par": 1000,
                        "nb_num": 6,
                        "rolling_flag": 0,
                        "sensor_index": 2,
                        "sl_msg_num": 0
                    },
                    "fs_data_list": [
                        {
                            "d0": 0,
                            "d1": 0,
                            "d2": 0,
                            "d3": 0,
                            "d4": 0,
                            "d5": 0,
                            "d_crc_type": 0,
                            "d_st": 0,
                            "slot_index": 0
                        }
                    ],
                    "signal_config": {
                        "interval_ms": 100,
                        "params": [
                            100,
                            20,
                            0,
                            0
                        ],
                        "target_channel": 0,
                        "type": 0
                    },
                    "sl_data_list": [
                        {
                            "slot_index": 0,
                            "slow_data": 0,
                            "slow_id": 0,
                            "slow_id_type": 0
                        }
                    ]
                },
                {
                    "brige_config": {
                        "brige_crc_type": 0,
                        "change_accept_code": 0,
                        "change_mask_code": 0,
                        "data_a_delay": 0,
                        "data_a_format": 0,
                        "data_a_lowpass": 0,
                        "data_a_max": 65535,
                        "data_a_min": 0,
                        "data_a_multi": 1000,
                        "data_a_offset": 0,
                        "data_a_start_bit": 0,
                        "data_a_start_byte": 0,
                        "data_a_stop_bit": 0,
                        "data_a_stop_byte": 0,
                        "data_b_delay": 0,
                        "data_b_format": 0,
                        "data_b_lowpass": 0,
                        "data_b_max": 65535,
                        "data_b_min": 0,
                        "data_b_multi": 1000,
                        "data_b_offset": 0,
                        "data_b_start_bit": 0,
                        "data_b_start_byte": 0,
                        "data_b_stop_bit": 0,
                        "data_b_stop_byte": 0,
                        "sensor_index": 3
                    },
                    "config": {
                        "dcc_flag": 0,
                        "fs_msg_num": 1,
                        "msg_time_par": 1000,
                        "nb_num": 6,
                        "rolling_flag": 0,
                        "sensor_index": 3,
                        "sl_msg_num": 0
                    },
                    "fs_data_list": [
                        {
                            "d0": 0,
                            "d1": 0,
                            "d2": 0,
                            "d3": 0,
                            "d4": 0,
                            "d5": 0,
                            "d_crc_type": 0,
                            "d_st": 0,
                            "slot_index": 0
                        }
                    ],
                    "signal_config": {
                        "interval_ms": 100,
                        "params": [
                            100,
                            20,
                            0,
                            0
                        ],
                        "target_channel": 0,
                        "type": 0
                    },
                    "sl_data_list": [
                        {
                            "slot_index": 0,
                            "slow_data": 0,
                            "slow_id": 0,
                            "slow_id_type": 0
                        }
                    ]
                }
            ]
        },
        {
            "config": {
                "chanl_enable": 0,
                "polarity": 0,
                "pulse_tick_num": 5,
                "sent_tick": 30,
                "spc_mode": 0,
                "sync_tick_num": 56,
                "total_sensor_num": 1
            },
            "sensors": [
                {
                    "brige_config": {
                        "brige_crc_type": 0,
                        "change_accept_code": 0,
                        "change_mask_code": 0,
                        "data_a_delay": 0,
                        "data_a_format": 0,
                        "data_a_lowpass": 0,
                        "data_a_max": 65535,
                        "data_a_min": 0,
                        "data_a_multi": 1000,
                        "data_a_offset": 0,
                        "data_a_start_bit": 0,
                        "data_a_start_byte": 0,
                        "data_a_stop_bit": 0,
                        "data_a_stop_byte": 0,
                        "data_b_delay": 0,
                        "data_b_format": 0,
                        "data_b_lowpass": 0,
                        "data_b_max": 65535,
                        "data_b_min": 0,
                        "data_b_multi": 1000,
                        "data_b_offset": 0,
                        "data_b_start_bit": 0,
                        "data_b_start_byte": 0,
                        "data_b_stop_bit": 0,
                        "data_b_stop_byte": 0,
                        "sensor_index": 0
                    },
                    "config": {
                        "dcc_flag": 0,
                        "fs_msg_num": 3,
                        "msg_time_par": 1000,
                        "nb_num": 6,
                        "rolling_flag": 0,
                        "sensor_index": 0,
                        "sl_msg_num": 2
                    },
                    "fs_data_list": [
                        {
                            "d0": 0,
                            "d1": 0,
                            "d2": 0,
                            "d3": 0,
                            "d4": 0,
                            "d5": 0,
                            "d_crc_type": 0,
                            "d_st": 0,
                            "slot_index": 0
                        },
                        {
                            "d0": 0,
                            "d1": 0,
                            "d2": 0,
                            "d3": 0,
                            "d4": 0,
                            "d5": 0,
                            "d_crc_type": 0,
                            "d_st": 0,
                            "slot_index": 1
                        },
                        {
                            "d0": 0,
                            "d1": 0,
                            "d2": 0,
                            "d3": 0,
                            "d4": 0,
                            "d5": 0,
                            "d_crc_type": 0,
                            "d_st": 0,
                            "slot_index": 2
                        }
                    ],
                    "signal_config": {
                        "interval_ms": 100,
                        "params": [
                            100,
                            20,
                            0,
                            2048
                        ],
                        "target_channel": 0,
                        "type": 0
                    },
                    "sl_data_list": [
                        {
                            "slot_index": 0,
                            "slow_data": 0,
                            "slow_id": 0,
                            "slow_id_type": 0
                        },
                        {
                            "slot_index": 1,
                            "slow_data": 0,
                            "slow_id": 0,
                            "slow_id_type": 0
                        }
                    ]
                }
            ]
        },
        {
            "config": {
                "chanl_enable": 0,
                "polarity": 0,
                "pulse_tick_num": 5,
                "sent_tick": 30,
                "spc_mode": 0,
                "sync_tick_num": 56,
                "total_sensor_num": 1
            },
            "sensors": [
                {
                    "brige_config": {
                        "brige_crc_type": 0,
                        "change_accept_code": 0,
                        "change_mask_code": 0,
                        "data_a_delay": 0,
                        "data_a_format": 0,
                        "data_a_lowpass": 0,
                        "data_a_max": 65535,
                        "data_a_min": 0,
                        "data_a_multi": 1000,
                        "data_a_offset": 0,
                        "data_a_start_bit": 0,
                        "data_a_start_byte": 0,
                        "data_a_stop_bit": 0,
                        "data_a_stop_byte": 0,
                        "data_b_delay": 0,
                        "data_b_format": 0,
                        "data_b_lowpass": 0,
                        "data_b_max": 65535,
                        "data_b_min": 0,
                        "data_b_multi": 1000,
                        "data_b_offset": 0,
                        "data_b_start_bit": 0,
                        "data_b_start_byte": 0,
                        "data_b_stop_bit": 0,
                        "data_b_stop_byte": 0,
                        "sensor_index": 0
                    },
                    "config": {
                        "dcc_flag": 0,
                        "fs_msg_num": 1,
                        "msg_time_par": 1000,
                        "nb_num": 6,
                        "rolling_flag": 0,
                        "sensor_index": 0,
                        "sl_msg_num": 0
                    },
                    "fs_data_list": [
                        {
                            "d0": 0,
                            "d1": 0,
                            "d2": 0,
                            "d3": 0,
                            "d4": 0,
                            "d5": 0,
                            "d_crc_type": 0,
                            "d_st": 0,
                            "slot_index": 0
                        }
                    ],
                    "signal_config": {
                        "interval_ms": 100,
                        "params": [
                            100,
                            20,
                            0,
                            2048
                        ],
                        "target_channel": 0,
                        "type": 0
                    },
                    "sl_data_list": [
                        {
                            "slot_index": 0,
                            "slow_data": 0,
                            "slow_id": 0,
                            "slow_id_type": 0
                        }
                    ]
                }
            ]
        },
        {
            "config": {
                "chanl_enable": 0,
                "polarity": 0,
                "pulse_tick_num": 5,
                "sent_tick": 30,
                "spc_mode": 0,
                "sync_tick_num": 56,
                "total_sensor_num": 1
            },
            "sensors": [
                {
                    "brige_config": {
                        "brige_crc_type": 0,
                        "change_accept_code": 0,
                        "change_mask_code": 0,
                        "data_a_delay": 0,
                        "data_a_format": 0,
                        "data_a_lowpass": 0,
                        "data_a_max": 65535,
                        "data_a_min": 0,
                        "data_a_multi": 1000,
                        "data_a_offset": 0,
                        "data_a_start_bit": 0,
                        "data_a_start_byte": 0,
                        "data_a_stop_bit": 0,
                        "data_a_stop_byte": 0,
                        "data_b_delay": 0,
                        "data_b_format": 0,
                        "data_b_lowpass": 0,
                        "data_b_max": 65535,
                        "data_b_min": 0,
                        "data_b_multi": 1000,
                        "data_b_offset": 0,
                        "data_b_start_bit": 0,
                        "data_b_start_byte": 0,
                        "data_b_stop_bit": 0,
                        "data_b_stop_byte": 0,
                        "sensor_index": 0
                    },
                    "config": {
                        "dcc_flag": 0,
                        "fs_msg_num": 1,
                        "msg_time_par": 1000,
                        "nb_num": 6,
                        "rolling_flag": 0,
                        "sensor_index": 0,
                        "sl_msg_num": 0
                    },
                    "fs_data_list": [
                        {
                            "d0": 0,
                            "d1": 0,
                            "d2": 0,
                            "d3": 0,
                            "d4": 0,
                            "d5": 0,
                            "d_crc_type": 0,
                            "d_st": 0,
                            "slot_index": 0
                        }
                    ],
                    "signal_config": {
                        "interval_ms": 100,
                        "params": [
                            100,
                            20,
                            0,
                            2048
                        ],
                        "target_channel": 0,
                        "type": 0
                    },
                    "sl_data_list": [
                        {
                            "slot_index": 0,
                            "slow_data": 0,
                            "slow_id": 0,
                            "slow_id_type": 0
                        }
                    ]
                }
            ]
        }
    ],
    "sys_config": {
        "chanl_can_trs_en": [
            0,
            0,
            0,
            0
        ],
        "chanl_mode": [
            3,
            2,
            0,
            0
        ]
    }
}
